代碼,名稱,碼數
A,稻,1
A01,米類,3
A0101,禾本科米類,5
A010101,水稻,7
B,麥糧,1
B02,麥類,3
B0201,禾本科麥類,5
B020102,小麥,7
B03,雜糧類,3
B0301,禾本科雜糧類,5
B030106,小米,7
B030107,玉米,7
B030108,高粱,7
B030109,薏苡 薏仁,7
B0306,蓼科雜糧類,5
B0314,藜科雜糧類,5
B031403,臺灣藜 台灣藜,7
C,蔬菜,1
C04,乾豆類,3
C0403,豆科乾豆類,5
C040301,落花生 花生,7
C040302,綠豆,7
C040303,紅豆,7
C040304,大豆 黃豆、黑豆、茶豆,7
C040305,花豆,7
C040306,樹豆,7
C040307,豌豆,7
C040309,菜豆,7
C040313,萊豆,7
C040314,蠶豆,7
C040323,豇豆 長豇豆、菜豆仔,7
C0407,十字花科乾豆類,5
C040710,油菜 油菜籽、油菜子,7
C0408,菊科乾豆類,5
C040820,向日葵 葵花籽、葵花子、葵瓜子,7
C0432,蓮科乾豆類,5
C0446,錦葵科乾豆類,5
C0480,山茶科乾豆類,5
C048001,茶 茶籽,7
C048003,油茶 苦茶籽、油茶籽,7
C0481,亞麻科乾豆類,5
C048101,亞麻 亞麻籽,7
C0488,胡麻科乾豆類,5
C048801,胡麻 芝麻,7
C05,包葉菜類,3
C0507,十字花科包葉菜類,5
C050701,甘藍 高麗菜,7
C050702,花椰菜,7
C050703,結球白菜,7
C0508,菊科包葉菜類,5
C050801,結球萵苣,7
C050816,朝鮮薊,7
C06,小葉菜類,3
C0602,旋花科小葉菜類,5
C060201,蕹菜,7
C060202,甘藷 葉用甘藷、甘藷葉,7
C0603,豆科小葉菜類,5
C060307,豌豆 葉用豌豆、豌豆葉,7
C0607,十字花科小葉菜類,5
C060709,小白菜 白菜、不結球白菜,7
C060710,油菜 食用油菜,7
C060711,青江菜 青江白菜,7
C060712,芥藍,7
C060714,芥菜,7
C0608,菊科小葉菜類,5
C060802,不結球萵苣與半結球萵苣,7
C060803,茼蒿,7
C060804,山茼蒿 昭和草,7
C060805,紅鳳菜,7
C060806,白鳳菜,7
C060807,芳香萬壽菊,7
C060808,闊包菊,7
C0609,茄科小葉菜類,5
C060901,龍葵,7
C060907,枸杞 枸杞葉,7
C0610,蔥科小葉菜類,5
C061001,蒜,7
C061002,蔥 青蔥,7
C061003,韭 韭菜、韭黃、韭菜花,7
C061005,蕗蕎 蕗蕎葉,7
C061006,珠蔥,7
C061007,麥蔥,7
C061008,蔥韭,7
C0611,葫蘆科小葉菜類,5
C061101,龍鬚菜 隼人瓜藤,7
C0612,繖形花科小葉菜類,5
C061201,芹菜,7
C061202,芫荽 香菜,7
C061203,茴香,7
C061207,山芹菜 鴨兒芹,7
C0613,唇形花科小葉菜類,5
C061301,羅勒 九層塔,7
C061302,紫蘇,7
C061303,仙草,7
C061304,薄荷,7
C0614,藜科小葉菜類,5
C061401,菠菜,7
C061402,甜菜 葉用甜菜、菾菜、君達菜、莙薘菜、加茉菜、茄茉菜,7
C0619,莧科小葉菜類,5
C061901,莧菜,7
C0620,鐵角蕨科小葉菜類,5
C062001,山蘇,7
C0621,蹄蓋蕨科小葉菜類,5
C062101,過溝菜蕨 過貓,7
C0622,田麻科小葉菜類,5
C062201,黃麻 蔴薏、黃麻嫩芽,7
C0625,睡菜科小葉菜類,5
C062501,龍骨瓣莕菜 野蓮、水蓮,7
C0626,落葵科小葉菜類,5
C062601,落葵 皇宮菜、洛葵,7
C0629,爵床科小葉菜類,5
C0630,楝科小葉菜類,5
C063001,香椿,7
C07,根菜類 根莖菜類,3
C0701,禾本科根菜類,5
C070112,茭白筍,7
C070113,竹 竹筍、綠竹、綠竹筍、麻竹、麻竹筍、孟宗竹,7
C0702,旋花科根菜類,5
C070202,甘藷 地瓜、番薯,7
C0703,豆科根菜類,5
C070308,豆薯,7
C070320,狗尾草 狗尾草根,7
C070321,闊葉大豆 闊葉大豆根,7
C0704,大戟科根菜類,5
C070401,樹薯,7
C0705,薯蕷科根菜類,5
C070501,山藥,7
C0707,十字花科根菜類,5
C070713,蘿蔔 白蘿蔔,7
C070718,蕪菁,7
C070719,山葵,7
C0708,菊科根菜類,5
C070809,牛蒡,7
C070810,婆羅門參 洋牛蒡,7
C070814,黑婆羅門參 黑皮波羅門參,7
C0709,茄科根菜類,5
C070902,馬鈴薯,7
C0710,蔥科根菜類,5
C071001,蒜 蒜頭,7
C071004,洋蔥,7
C071005,蕗蕎 蕎頭,7
C071006,珠蔥 紅蔥頭,7
C0712,繖形花科根菜類,5
C071205,胡蘿蔔 紅蘿蔔,7
C071205,胡蘿蔔 胡蘿蔔葉、紅蘿蔔葉,7
C0714,藜科根菜類,5
C071402,甜菜 甜菜根、菾菜根,7
C0715,薑科根菜類,5
C071502,薑,7
C0717,百合科根菜類,5
C071702,金針 碧玉筍,7
C0718,天南星科根菜類,5
C071801,芋 芋頭,7
C071802,蒟蒻,7
C0732,蓮科根菜類,5
C0733,莎草科根菜類,5
C0734,菱角科根菜類,5
C073401,菱角,7
C0735,澤瀉科根菜類,5
C0747,天門冬科根菜類,5
C074701,蘆筍,7
C08,蕈菜類,3
C0836,光柄菇科蕈菜類,5
C083601,草菇,7
C0837,小皮傘科蕈菜類,5
C083701,香菇,7
C0838,傘菌科蕈菜類,5
C083801,洋菇,7
C0839,木耳科蕈菜類,5
C0840,銀耳科蕈菜類,5
C0841,猴頭菇科蕈菜類,5
C0842,糞傘科蕈菜類,5
C0843,靈芝科蕈菜類,5
C0844,側耳科蕈菜類,5
C0845,鬼筆科蕈菜類,5
C09,果菜類,3
C0909,茄科果菜類,5
C090903,番茄,7
C090904,甜椒,7
C090905,辣椒,7
C090906,茄子,7
C090907,枸杞,7
C090908,香瓜茄 楊梅果、人参果,7
C090910,野茄,7
C090911,酸漿,7
C090912,樹番茄,7
C0917,百合科果菜類,5
C091702,金針,7
C0946,錦葵科果菜類,5
C094602,洛神葵,7
C094603,秋葵,7
C10,瓜菜類,3
C1011,葫蘆科瓜菜類,5
C101102,胡瓜 花胡瓜、小黃瓜、黃瓜,7
C101103,苦瓜,7
C101104,絲瓜,7
C101105,冬瓜,7
C101106,南瓜,7
C101107,扁蒲,7
C101108,隼人瓜 佛手瓜,7
C101109,越瓜,7
C101110,夏南瓜 節瓜、櫛瓜,7
C101111,木虌果 木鱉果、木鼈果、木龞果,7
C11,豆菜類,3
C1103,豆科豆菜類,5
C110304,大豆 毛豆、茶豆,7
C110305,花豆,7
C110306,樹豆,7
C110307,豌豆 甜豆、荷蘭豆,7
C110309,菜豆 四季豆、敏豆、醜豆,7
C110313,萊豆 皇帝豆,7
C110314,蠶豆,7
C110315,扁豆,7
C110316,翼豆,7
C110317,刀豆,7
C110322,鷹嘴豆,7
C110323,豇豆 長豇豆、菜豆仔,7
C12,瓜果類,3
C1211,葫蘆科瓜果類,5
C121111,洋香瓜,7
C121112,香瓜,7
C121113,西瓜,7
D,果樹,1
D13,大漿果類,3
D1352,山欖科大漿果類,5
D135201,黃金果 黃星蘋果,7
D135202,蛋黃果,7
D135203,人心果,7
D1353,芭蕉科大漿果類,5
D135301,香蕉,7
D1354,番木瓜科大漿果類,5
D135401,木瓜,7
D1355,鳳梨科大漿果類,5
D135501,鳳梨,7
D1356,獼猴桃科大漿果類,5
D135601,獼猴桃 奇異果,7
D1357,番荔枝科大漿果類,5
D135701,番荔枝 釋迦,7
D1358,樟科大漿果類,5
D135801,酪梨 鱷梨,7
D1359,仙人掌科大漿果類,5
D135901,紅龍果 火龍果,7
D1360,西番蓮科大漿果類,5
D136001,百香果,7
D1361,藤黃科大漿果類,5
D1362,木棉科大漿果類,5
D136201,榴槤,7
D1363,無患子科大漿果類,5
D136301,紅毛丹,7
D1369,安石榴科大漿果類,5
D1370,桑科大漿果類,5
D137001,菠蘿蜜 波羅蜜,7
D137003,榴槤蜜,7
D14,小漿果類,3
D1449,薔薇科小漿果類,5
D144901,草莓,7
D1464,葡萄科小漿果類,5
D146401,葡萄,7
D1465,酢醬草科小漿果類,5
D146501,楊桃,7
D1466,桃金孃科小漿果類,5
D146601,蓮霧,7
D146602,番石榴 芭樂,7
D146603,嘉寶果,7
D1470,桑科小漿果類,5
D147004,桑樹 桑葚、桑椹,7
D147005,無花果,7
D1472,木樨科小漿果類,5
D1473,茜草科小漿果類,5
D147301,諾麗果 檄樹,7
D1474,黃褥花科小漿果類,5
D15,核果類,3
D1563,無患子科核果類,5
D156302,龍眼,7
D156303,荔枝,7
D1567,漆樹科核果類,5
D156701,檬果 芒果,7
D1568,楊梅科核果類,5
D156801,楊梅,7
D16,梨果類,3
D1649,薔薇科梨果類,5
D164902,梨,7
D164903,蘋果,7
D164904,桃 水蜜桃、油桃,7
D164905,梅,7
D164906,李,7
D164907,杏,7
D164908,櫻桃,7
D164909,枇杷,7
D164911,山楂,7
D1650,鼠李科梨果類,5
D165001,印度棗,7
D165002,棗 紅棗,7
D1651,柿樹科梨果類,5
D165101,柿,7
D1667,漆樹科梨果類,5
D166702,太平洋榅桲 莎梨,7
D17,柑桔類,3
D1748,芸香科柑桔類,5
D174816,柑桔,7
D20,堅果類,3
D2071,棕櫚科堅果類,5
D207101,椰子,7
D2085,松科堅果類,5
E,花木,1
E21,香辛植物及其他草木本植物,3
E2103,豆科花木,5
E210318,刺桐屬植物,7
E2104,大戟科花木,5
E2108,菊科花木,5
E210812,菊 菊花、非洲菊、杭菊,7
E210818,金盞花,7
E210819,洋甘菊,7
E210821,蟛蜞菊,7
E210822,咸豐草,7
E2115,薑科花木,5
E211501,野薑,7
E2116,蘇鐵科花木,5
E211601,蘇鐵,7
E2117,百合科花木,5
E211701,百合 百合花,7
E2118,天南星科花木,5
E211803,火鶴花 紅掌、花燭、安祖花,7
E2128,蘭科花木,5
E212802,蘭 蘭花、蝴蝶蘭、嘉德麗雅蘭、萬代蘭,7
E212803,嘉德麗雅蘭,7
E212804,萬代蘭,7
E2132,蓮科花木,5
E213201,蓮 蓮花,7
E2149,薔薇科花木,5
E214912,玫瑰,7
E2159,仙人掌科花木,5
E215901,紅龍果 火龍果花、紅龍果花,7
E215902,曇花 月下美人、韋馱花、瓊花,7
E2163,無患子科花木,5
E216304,臺灣欒樹,7
E2166,桃金孃科花木,5
E216604,桉屬植物,7
E2172,木樨科花木,5
E217202,茉莉,7
E217203,桂花 金桂、銀桂、丹桂、四季桂、月月桂,7
E2175,鳶尾科花木,5
E217501,唐菖蒲,7
E2176,石蒜科花木,5
E217601,晚香玉,7
E2177,石竹科花木,5
E217701,康乃馨,7
E2178,龍膽科花木,5
E217801,洋桔梗,7
E2179,杜鵑花科花木,5
E2180,山茶科花木,5
E218002,山茶,7
E2183,杉科花木,5
E2184,玄參科花木,5
E2185,松科花木,5
E218501,松樹,7
E2186,木麻黃科花木,5
E218601,木麻黃,7
E2187,睡蓮科花木,5
E218701,睡蓮,7
E2189,鳳仙花科花木,5
E218901,鳳仙,7
E2193,楊柳科花木,5
E2194,牻牛兒苗科花木,5
E219401,天竺葵,7
F,特用,1
F18,茶類,3
F1880,山茶科茶類,5
F188001,茶 茶葉,7
F19,甘蔗類,3
F1901,禾本科甘蔗類,5
F190115,甘蔗,7
F21,香辛植物及其他草木本植物,3
F2101,禾本科特用作物,5
F210110,狼尾草,7
F2103,豆科特用作物,5
F210319,黃耆,7
F2104,大戟科特用作物,5
F210403,蓖麻,7
F2108,菊科特用作物,5
F210813,山防風 漏盧,7
F210815,風茹 香茹、風茹草,7
F210817,艾草,7
F2109,茄科特用作物,5
F2112,繖形花科特用作物,5
F211206,當歸,7
F2113,唇形花科特用作物,5
F211305,丹參,7
F2115,薑科特用作物,5
F211503,薑黃,7
F2122,田麻科特用作物,5
F212201,黃麻,7
F2123,景天科特用作物,5
F2124,蘆薈科特用作物,5
F2126,落葵科特用作物,5
F2127,五加科特用作物,5
F2128,蘭科特用作物,5
F212801,金線連 金線蓮,7
F2131,美人蕉科特用作物,5
F2146,錦葵科特用作物,5
F214601,棉 棉花,7
F214604,鐘麻,7
F2158,樟科特用作物,5
F215802,土肉桂,7
F2170,桑科特用作物,5
F217005,愛玉子 愛玉、愛玉仔,7
F2171,棕櫚科特用作物,5
F217102,亞洲棕櫚,7
F217103,檳榔,7
F2173,茜草科特用作物,5
F217302,咖啡,7
F2181,亞麻科特用作物,5
F218101,亞麻,7
F2182,胡椒科特用作物,5
F218201,荖藤 荖花、荖葉,7
F2190,玄參科特用作物,5
F219001,地黃,7
F2191,紫草科特用作物,5
F219101,破布子,7
F2192,梧桐科特用作物,5
F219201,可可,7
F2195,大麻科特用作物,5
F219501,蛇麻 啤酒花,7
F98,草皮類,3
F9801,禾本科草皮類,5
F980116,百慕達草 狗牙根,7
F980117,結縷草 韓國草,7
G,檢疫處理,1
G01,米類,3
G0101,禾本科米類,5
G010119,稻穀,7
G03,雜糧類,3
G0301,禾本科雜糧類,5
G21,香辛植物及其他草木本植物,3
G2128,蘭科作物,5
G2193,楊柳科作物,5
G219301,銀柳,7
G93,果苗,3
G94,輸入植物檢疫物,3
G95,觀賞植物,3
G97,蔬菜,3
H,作物園雜草,1
H01,米類,3
H0101,禾本科米類,5
H010101,水稻,7
H02,麥類,3
H0201,禾本科麥類,5
H03,雜糧類,3
H0301,禾本科雜糧類,5
H030107,玉米,7
H030108,高粱,7
H0306,蓼科雜糧類,5
H0314,藜科雜糧類,5
H04,乾豆類,3
H0403,豆科乾豆類,5
H040301,落花生 花生,7
H040302,綠豆,7
H040303,紅豆,7
H040304,大豆 黃豆、黑豆、茶豆,7
H040305,花豆,7
H040306,樹豆,7
H040314,蠶豆,7
H040323,豇豆 長豇豆、菜豆仔,7
H0407,十字花科乾豆類,5
H0408,菊科乾豆類,5
H0432,蓮科乾豆類,5
H0446,錦葵科乾豆類,5
H0480,山茶科乾豆類,5
H0481,亞麻科乾豆類,5
H0488,胡麻科乾豆類,5
H05,包葉菜類,3
H0507,十字花科包葉菜類,5
H050701,甘藍 高麗菜,7
H050702,花椰菜,7
H050703,結球白菜,7
H0508,菊科包葉菜類,5
H050801,結球萵苣,7
H06,小葉菜類,3
H0602,旋花科小葉菜類,5
H060201,蕹菜,7
H0603,豆科小葉菜類,5
H0607,十字花科小葉菜類,5
H060709,小白菜 白菜、不結球白菜,7
H060710,油菜 食用油菜,7
H060711,青江菜 青江白菜,7
H060712,芥藍,7
H060714,芥菜,7
H0608,菊科小葉菜類,5
H060802,不結球萵苣與半結球萵苣,7
H060803,茼蒿,7
H0609,茄科小葉菜類,5
H0610,蔥科小葉菜類,5
H061001,蒜,7
H061002,蔥 青蔥,7
H061003,韭 韭菜、韭黃、韭菜花,7
H0611,葫蘆科小葉菜類,5
H0612,繖形花科小葉菜類,5
H061201,芹菜,7
H061202,芫荽 香菜,7
H0613,唇形花科小葉菜類,5
H0614,藜科小葉菜類,5
H061401,菠菜,7
H0619,莧科小葉菜類,5
H061901,莧菜,7
H0620,鐵角蕨科小葉菜類,5
H0621,蹄蓋蕨科小葉菜類,5
H0622,田麻科小葉菜類,5
H0625,睡菜科小葉菜類,5
H0626,落葵科小葉菜類,5
H0628,蘭科小葉菜類,5
H0629,爵床科小葉菜類,5
H0630,楝科小葉菜類,5
H07,根菜類 根莖菜類,3
H0701,禾本科根菜類,5
H0702,旋花科根菜類,5
H070202,甘藷 地瓜、番薯,7
H0703,豆科根菜類,5
H070308,豆薯,7
H070320,狗尾草 狗尾草根,7
H070321,闊葉大豆 闊葉大豆根,7
H0704,大戟科根菜類,5
H0705,薯蕷科根菜類,5
H0707,十字花科根菜類,5
H070713,蘿蔔 白蘿蔔,7
H0708,菊科根菜類,5
H0709,茄科根菜類,5
H070902,馬鈴薯,7
H0710,蔥科根菜類,5
H071004,洋蔥,7
H0712,繖形花科根菜類,5
H071205,胡蘿蔔 紅蘿蔔,7
H0714,藜科根菜類,5
H0715,薑科根菜類,5
H0717,百合科根菜類,5
H071702,金針 碧玉筍,7
H0718,天南星科根菜類,5
H0732,蓮科根菜類,5
H0733,莎草科根菜類,5
H0734,菱角科根菜類,5
H0735,澤瀉科根菜類,5
H0747,天門冬科根菜類,5
H074701,蘆筍,7
H08,蕈菜類,3
H0836,光柄菇科蕈菜類,5
H0837,小皮傘科蕈菜類,5
H0838,傘菌科蕈菜類,5
H0839,木耳科蕈菜類,5
H0840,銀耳科蕈菜類,5
H0841,猴頭菇科蕈菜類,5
H0842,糞傘科蕈菜類,5
H0843,靈芝科蕈菜類,5
H0844,側耳科蕈菜類,5
H0845,鬼筆科蕈菜類,5
H09,果菜類,3
H0909,茄科果菜類,5
H090903,番茄,7
H090904,甜椒,7
H090905,辣椒,7
H090907,枸杞,7
H090908,香瓜茄 楊梅果、人参果,7
H090911,酸漿,7
H090912,樹番茄,7
H0917,百合科果菜類,5
H091702,金針,7
H0946,錦葵科果菜類,5
H10,瓜菜類,3
H1011,葫蘆科瓜菜類,5
H101102,胡瓜 花胡瓜、小黃瓜、黃瓜,7
H101103,苦瓜,7
H101104,絲瓜,7
H101107,扁蒲,7
H11,豆菜類,3
H1103,豆科豆菜類,5
H110304,大豆 毛豆、茶豆,7
H110305,花豆,7
H110306,樹豆,7
H110307,豌豆 甜豆、荷蘭豆,7
H110309,菜豆 四季豆、敏豆、醜豆,7
H110313,萊豆 皇帝豆,7
H110314,蠶豆,7
H110315,扁豆,7
H110316,翼豆,7
H110317,刀豆,7
H110323,豇豆 長豇豆、菜豆仔,7
H12,瓜果類,3
H1211,葫蘆科瓜果類,5
H13,大漿果類,3
H1352,山欖科大漿果類,5
H1353,芭蕉科大漿果類,5
H135301,香蕉,7
H1354,番木瓜科大漿果類,5
H135401,木瓜,7
H1355,鳳梨科大漿果類,5
H135501,鳳梨,7
H1356,獼猴桃科大漿果類,5
H1357,番荔枝科大漿果類,5
H135701,番荔枝 釋迦,7
H1358,樟科大漿果類,5
H135801,酪梨 鱷梨,7
H1359,仙人掌科大漿果類,5
H135901,紅龍果 火龍果,7
H1360,西番蓮科大漿果類,5
H136001,百香果,7
H1361,藤黃科大漿果類,5
H1362,木棉科大漿果類,5
H1363,無患子科大漿果類,5
H1369,安石榴科大漿果類,5
H1370,桑科大漿果類,5
H14,小漿果類,3
H1449,薔薇科小漿果類,5
H1464,葡萄科小漿果類,5
H146401,葡萄,7
H1465,酢醬草科小漿果類,5
H146501,楊桃,7
H1466,桃金孃科小漿果類,5
H146601,蓮霧,7
H146602,番石榴 芭樂,7
H1470,桑科小漿果類,5
H1472,木樨科小漿果類,5
H1473,茜草科小漿果類,5
H1474,黃褥花科小漿果類,5
H15,核果類,3
H1563,無患子科核果類,5
H156302,龍眼,7
H156303,荔枝,7
H1567,漆樹科核果類,5
H156701,檬果 芒果,7
H1568,楊梅科核果類,5
H16,梨果類,3
H1649,薔薇科梨果類,5
H164902,梨,7
H164904,桃 水蜜桃、油桃,7
H164905,梅,7
H164909,枇杷,7
H1650,鼠李科梨果類,5
H1651,柿樹科梨果類,5
H165101,柿,7
H1667,漆樹科梨果類,5
H17,柑桔類,3
H1748,芸香科柑桔類,5
H18,茶類,3
H1880,山茶科茶類,5
H188001,茶 茶葉,7
H19,甘蔗類,3
H1901,禾本科甘蔗類,5
H190115,甘蔗,7
H20,堅果類,3
H2071,棕櫚科堅果類,5
H2085,松科堅果類,5
H21,香辛植物及其他草木本植物,3
H2101,禾本科特用作物,5
H2103,豆科,5
H2104,大戟科,5
H2108,菊科,5
H210815,風茹 香茹、風茹草,7
H2109,茄科,5
H2112,繖形花科特用作物,5
H2113,唇形花科特用作物,5
H2115,薑科,5
H2116,蘇鐵科,5
H2117,百合科,5
H2118,天南星科,5
H2122,田麻科,5
H2123,景天科特用作物,5
H2124,蘆薈科特用作物,5
H2126,落葵科特用作物,5
H2127,五加科特用作物,5
H2128,蘭科,5
H2131,美人蕉科特用作物,5
H2132,蓮科,5
H2146,錦葵科,5
H214601,棉 棉花,7
H2149,薔薇科,5
H214912,玫瑰,7
H2158,樟科特用作物,5
H2159,仙人掌科,5
H2163,無患子科花木,5
H2166,桃金孃科,5
H2170,桑科,5
H2171,棕櫚科,5
H2172,木樨科花木,5
H2173,茜草科,5
H2175,鳶尾科,5
H2176,石蒜科,5
H2177,石竹科,5
H2178,龍膽科,5
H2179,杜鵑花科,5
H217901,杜鵑,7
H2180,山茶科花木,5
H2181,亞麻科,5
H218101,亞麻,7
H2182,胡椒科,5
H2183,杉科,5
H218301,杉木,7
H2184,玄參科,5
H2185,松科,5
H2186,木麻黃科,5
H2187,睡蓮科,5
H2189,鳳仙花科,5
H2190,玄參科特用作物,5
H2191,紫草科特用作物,5
H2192,梧桐科,5
H2193,楊柳科,5
H2194,牻牛兒苗科,5
H2195,大麻科特用作物,5
H98,草皮,3
H9801,禾本科草皮類,5
H980116,百慕達草 狗牙根,7
J,褐根病用藥,1
J13,大漿果類,3
J1354,番木瓜科大漿果類,5
J135401,木瓜,7
J15,核果類,3
J1563,無患子科核果類,5
J156302,龍眼,7
J156303,荔枝,7
J1567,漆樹科核果類,5
J16,梨果類,3
J1649,薔薇科梨果類,5
J164902,梨,7
J21,香辛植物及其他草木本植物,3
J2189,鳳仙花科花木,5
J218901,鳳仙,7
J95,觀賞植物,3
J96,樹木,3
X,其他,1
X99,其他類,3
X9909,菸草專用,5
X990909,菸草倉庫,7
X9938,洋菇專用,5
X993801,洋菇菇舍,7
X9999,不分科,5
X999901,蜜蜂,7
X999902,倉庫,7
X999903,穀倉,7
X999904,魚蝦養殖池,7
X999905,虱目魚塭,7
X999906,養蝦池,7
X999908,作物園,7
X999910,造林地,7
X999911,休閒地,7
X999912,非耕作農地,7
X999913,新墾或閒地,7
