法規名稱,章節,條號,條文內容,版本日期,來源網址
農藥管理法,第一章　總則,第一條,為保護農業生產及生態環境，防除有害生物，防止農藥危害，加強農藥管理，健全農藥產業發展，並增進農產品安全，特制定本法。,2025-09-09,https://pesticide.aphia.gov.tw/information/Data/LawContent/110?code=1
農藥管理法,第一章　總則,第二條,本法所稱主管機關：在中央為行政院農業委員會；在直轄市為直轄市政府；在縣（市）為縣（市）政府。,2025-09-09,https://pesticide.aphia.gov.tw/information/Data/LawContent/110?code=1
農藥管理法,第一章　總則,第三條,"中央主管機關之主管事項如下：
一、
全國性農藥管理政策、方案與計畫之策劃、訂定及督導執行。
二、
全國性農藥管理法規之制（訂）定、研議、釋示及執行。
三、
農藥管理之研究發展及宣導。
四、
全國性農藥管理人員之訓練及管理。
五、
全國性農藥管理業務之督導。
六、
全國性農藥管理之協調或執行。
七、
農藥管理之國際合作及科技交流。
八、
其他有關全國性農藥管理事項。",2025-09-09,https://pesticide.aphia.gov.tw/information/Data/LawContent/110?code=1
農藥管理法,第一章　總則,第四條,"直轄市、縣（市）主管機關之主管事項如下：
一、
轄內農藥管理之實施方案與計畫之規劃及執行。
二、
農藥管理法規之執行與轄內農藥管理自治法規之制（訂）定、釋示及執行。
三、
轄內農藥管理之研究發展及宣導。
四、
轄內農藥管理之資料統計及彙報。
五、
其他有關轄內農藥管理事項。",2025-09-09,https://pesticide.aphia.gov.tw/information/Data/LawContent/110?code=1
農藥管理法,第一章　總則,第五條,"本法用詞，定義如下：
一、
農藥：指成品農藥及農藥原體。
二、
成品農藥：指下列各目之藥品或生物製劑：
（一）
用於防除農林作物或其產物之有害生物者。
（二）
用於調節農林作物生長或影響其生理作用者。
（三）
用於調節有益昆蟲生長者。
（四）
其他經中央主管機關公告，列為保護植物之用者。
三、
農藥原體：指用以加工前款各目成品農藥所需之有效成分原料。但經中央主管機關公告可直接供前款各目使用者，視為成品農藥。
四、
標示：指農藥容器、包裝或附加說明書上之記載文字、圖案或記號。
五、
農藥生產業者：指經營農藥之製造、加工、分裝與其產品批發、輸出及自用原體輸入之業者，並得兼營自產產品之零售業務。
六、
農藥販賣業者：指經營農藥之批發、零售、輸入及輸出之業者。
七、
製造：指將原料生產為農藥原體之過程。
八、
加工：指將農藥原體生產為成品農藥之過程。",2025-09-09,https://pesticide.aphia.gov.tw/information/Data/LawContent/110?code=1
農藥管理法,第一章　總則,第六條,本法所稱禁用農藥，指經中央主管機關公告禁止製造、加工、分裝、輸入、輸出、販賣、使用之農藥。,2025-09-09,https://pesticide.aphia.gov.tw/information/Data/LawContent/110?code=1
農藥管理法,第一章　總則,第七條,"本法所稱偽農藥，指農藥有下列各款情形之一者：
一、
未經核准擅自製造、加工、輸入或仿冒國內外產品。
二、
摻雜其他有效成分之含量超過中央主管機關所定之限量基準。
三、
抽換國內外產品。
四、
塗改或變更有效期間之標示。
五、
所含有效成分之名稱與核准不符。",2025-09-09,https://pesticide.aphia.gov.tw/information/Data/LawContent/110?code=1
農藥管理法,第一章　總則,第八條,"本法所稱劣農藥，指經核准登記之農藥有下列各款情形之一者：
一、
有效成分之含量與標準規格不符。
二、
超過有效期間。
三、
第一款所定有效成分含量以外之品質與標準規格不符。
第二章　登記",2025-09-09,https://pesticide.aphia.gov.tw/information/Data/LawContent/110?code=1
農藥管理法,第二章　登記,第九條,農藥之製造、加工或輸入，除本法另有規定及經中央主管機關公告不列管之農藥者外，應經中央主管機關核准登記，並發給許可證。,2025-09-09,https://pesticide.aphia.gov.tw/information/Data/LawContent/110?code=1
農藥管理法,第二章　登記,第十條,"農藥生產業或販賣業者依前條申請核准登記時，應填具申請書，並檢附農藥標準規格檢驗合格證明文件、理化性與毒理試驗、田間試驗資料及其他相關資料。
前項資料於下列期間內，非經資料權利人同意，其他申請人不得引據該資料提出申請：
一、農藥新有效成分經核准登記者，自核准登記之日起算十年。
二、成品農藥新增、變更劑型或含量經核准登記者，自核准登記之日起算七年。
三、成品農藥新增使用範圍經核准登記者，自核准登記之日起算四年。
有下列情形之一者，農藥生產業或販賣業者申請核准登記時，得免依第一項規定檢附部分或全部試驗資料：
一、於前項期間屆滿後，而以與該核准登記農藥之相同有效成分、劑型、含量或使用範圍申請核准登記者，得免檢附部分或全部毒理試驗及田間試驗資料。
二、於前項期間內經資料權利人同意引據其資料，而以與該核准登記農藥之相同有效成分、劑型、含量或使用範圍申請核准登記者，得免檢附毒理試驗及田間試驗資料。
三、以農藥原體申請核准登記者，得免檢附田間試驗資料。
四、成品農藥申請變更為較安全劑型並經中央主管機關同意者，得免檢附田間試驗資料。
五、申請核准登記之農藥屬安全性高或使用風險低，並經中央主管機關同意者，得免檢附部分或全部毒理試驗資料。
第一項所定農藥標準規格、理化性與毒理試驗及田間試驗之準則，由中央主管機關定之。",2025-09-09,https://pesticide.aphia.gov.tw/information/Data/LawContent/110?code=1
農藥管理法,第二章　登記,第十一條,主管機關為解決少量作物之有害生物缺乏防治藥劑，得進行農藥新增使用方法及其範圍之田間試驗，並得依實際情形推廣使用；其辦理程序，由中央主管機關公告之。,2025-09-09,https://pesticide.aphia.gov.tw/information/Data/LawContent/110?code=1
農藥管理法,第二章　登記,第十二條,農藥標準規格之檢驗方法，由中央主管機關公告之；未公告者，得參照其他可行之通用方法為之。,2025-09-09,https://pesticide.aphia.gov.tw/information/Data/LawContent/110?code=1
農藥管理法,第二章　登記,第十三條,經核准登記之農藥，其普通名稱、劑型、有效成分種類及其含量、農藥使用方法及其範圍，由中央主管機關公告之。,2025-09-09,https://pesticide.aphia.gov.tw/information/Data/LawContent/110?code=1
農藥管理法,第二章　登記,第十四條,"農藥標示之使用或變更，應先經中央主管機關核准。標示變更後，原標示應於六個月內更換之。
前項農藥標示所用文字、應記載事項、警告與注意標誌樣式及應遵行事項之辦法，由中央主管機關定之。",2025-09-09,https://pesticide.aphia.gov.tw/information/Data/LawContent/110?code=1
農藥管理法,第二章　登記,第十五條,"農藥許可證應記載下列事項：
一、
許可證字號、登記年月日及有效期間。
二、
生產業或販賣業者名稱、地址、負責人姓名及國外原製造工廠名稱、地址。
三、
農藥普通名稱、廠牌名稱、劑型、物理性狀、有效成分及其他成分之種類及含量。
四、
農藥使用方法及範圍。
五、
其他經中央主管機關公告事項。
前項記載事項，非經中央主管機關核准，不得變更。
 
農藥標準規格變更時，有關農藥許可證應於變更後六個月內，申請變更登記。",2025-09-09,https://pesticide.aphia.gov.tw/information/Data/LawContent/110?code=1
農藥管理法,第二章　登記,第十六條,"農藥許可證之有效期間為五年，於期滿前六個月內，得申請中央主管機關核准展延；每次展延期間，不得超過五年。
   
前項申請展延，得免農藥標準規格之檢驗。
   
經核准登記屆滿十五年之農藥，自本法中華民國一百零三年十二月九日修正之條文施行之日起算五年後，其申請許可證展延時，應重新檢附毒理試驗資料，依第十條規定辦理。但申請該農藥核准登記時已檢附者，不在此限。
   
第一項農藥許可證之申請、核發、補發、換發、展延、登記事項變更之程序及相關事項之辦法，由中央主管機關定之。",2025-09-09,https://pesticide.aphia.gov.tw/information/Data/LawContent/110?code=1
農藥管理法,第二章　登記,第十七條,"農藥生產業或輸入農藥之業者，使用不實資料或證明文件，申請農藥核准登記、許可證展延或變更登記者，中央主管機關應不予核准；已核准者，應予撤銷該農藥許可證。
   
前項違規情節重大者，中央主管機關對於其重行申請，應自不予核准或撤銷該農藥許可證之日起二年內，不予受理。",2025-09-09,https://pesticide.aphia.gov.tw/information/Data/LawContent/110?code=1
農藥管理法,第二章　登記,第十八條,"中央主管機關得對已核准登記之農藥進行安全評估，有危害人體健康或污染環境者，應依其必要性公告限制其使用方法、範圍，或公告為禁用農藥及廢止該農藥許可證。
 
  
中央主管機關得對已核准登記之農藥之使用方法及範圍進行藥效評估，有藥效不顯著，且無前項安全疑慮者，得公告限制其部分或全部使用方法及範圍。
   
前二項規定廢止許可證之農藥或限制之使用方法及其範圍，經科學方法證實原廢止或限制原因消失者，得由中央主管機關公告恢復受理登記或取消限制。",2025-09-09,https://pesticide.aphia.gov.tw/information/Data/LawContent/110?code=1
農藥管理法,第二章　登記,第十九條,"依本法規定廢止或撤銷許可證之農藥，中央主管機關得限期命農藥生產業或販賣業者回收或銷毀該農藥。
第三章　製造、輸入及輸出",2025-09-09,https://pesticide.aphia.gov.tw/information/Data/LawContent/110?code=1
農藥管理法,第三章　製造、輸入及輸出,第二十條,"農藥生產業者應設符合農藥工廠設廠標準之工廠，並依有關法規辦理工廠登記。
前項工廠設廠之廠房、倉庫、生產設備、檢驗設備、污染防治設備、安全衛生設施與專任技術人員之資格條件及其他應遵行事項之標準，由中央主管機關會同經濟部、勞動部及行政院環境保護署定之。",2025-09-09,https://pesticide.aphia.gov.tw/information/Data/LawContent/110?code=1
農藥管理法,第三章　製造、輸入及輸出,第二十一條,經核准設立之農藥工廠，於訂購機器設備後，得向中央主管機關申請購買試車所需之農藥原體。,2025-09-09,https://pesticide.aphia.gov.tw/information/Data/LawContent/110?code=1
農藥管理法,第三章　製造、輸入及輸出,第二十二條,"農藥生產業者非經中央主管機關核准，不得委託或接受委託加工成品農藥。
前項委託人及受委託人之資格條件及其他應遵行事項之辦法，由中央主管機關定之。",2025-09-09,https://pesticide.aphia.gov.tw/information/Data/LawContent/110?code=1
農藥管理法,第三章　製造、輸入及輸出,第二十三條,"成品農藥分裝之委託，委託人應向中央主管機關申請核准，始得為之。受委託人以具備同一劑型設備之農藥工廠為限。
前項委託終止或解除時，應由委託人報請中央主管機關廢止其核准。
依第一項及前項核准或廢止核准之農藥，應辦理農藥標示變更。",2025-09-09,https://pesticide.aphia.gov.tw/information/Data/LawContent/110?code=1
農藥管理法,第三章　製造、輸入及輸出,第二十四條,"農藥有下列情形之一，經中央主管機關核准者，不受第九條規定之限制：
一、
專供試驗研究、教育示範或緊急防治之用。
二、
輸入後進行製造、加工、分裝等相關處理程序而專供輸出之用。
三、
製造或加工專供輸出之用。
前項農藥不得在國內販賣或移作他用。但專供緊急防治之用於國內販賣者，不在此限。
第一項農藥之申請、審核及其他應遵行事項之辦法，由中央主管機關定之。",2025-09-09,https://pesticide.aphia.gov.tw/information/Data/LawContent/110?code=1
農藥管理法,第三章　製造、輸入及輸出,第二十五條,"農藥原體限由農藥生產業者申請輸入。
經核准輸入之農藥原體，限於自用，不得轉讓。但經中央主管機關核准者，不在此限。
第四章　販賣及使用",2025-09-09,https://pesticide.aphia.gov.tw/information/Data/LawContent/110?code=1
農藥管理法,第四章　販賣及使用,第二十六條,"農藥販賣業者，應置專任管理人員，並應向當地直轄市或縣（市）主管機關申請核發農藥販賣業執照後，始得營業。
前項執照有效期間為五年，於期滿一個月前，向當地直轄市或縣（市）主管機關申請核准展延；其每次展延期間，不得超過五年。未於期限內申請或申請未獲准展延者，應重新申請核發執照。
前二項農藥販賣業執照之申請、核發、補發、換發、展延、廢止、登記事項變更之程序或相關事項之自治法規，由直轄市或縣（市）主管機關定之。
第一項管理人員之訓練、資格條件及其證明文件取得、廢止、重新申請之限制及其他應遵行事項之辦法，由中央主管機關定之。
本法中華民國一百零三年十二月九日修正之條文施行前已取得農藥販賣業執照者，應自本法修正施行之日起算二年內，依第二項規定辦理。",2025-09-09,https://pesticide.aphia.gov.tw/information/Data/LawContent/110?code=1
農藥管理法,第四章　販賣及使用,第二十七條,"農藥販賣業執照應記載下列事項：
一、
農藥販賣業者之名稱。
二、
營業場所之地址。
三、
負責人之姓名。
四、
營業種類。
五、
其他經主管機關公告之事項。",2025-09-09,https://pesticide.aphia.gov.tw/information/Data/LawContent/110?code=1
農藥管理法,第四章　販賣及使用,第二十八條,農藥原體以售予農藥生產業者為限。,2025-09-09,https://pesticide.aphia.gov.tw/information/Data/LawContent/110?code=1
農藥管理法,第四章　販賣及使用,第二十九條,"農藥販賣業者，應遵守下列事項：
一、
農藥販賣業執照應懸掛於營業場所明顯處。
二、
不得在營業場所以外販賣成品農藥。
三、
不得將原包裝成品農藥拆封販賣。
四、
不得販賣未黏貼或未加印標示之農藥。
五、
兼營其他業務，應將農藥隔離陳列貯存。
六、
備置簿冊或採行其他經中央主管機關公告之方式，登記購買者姓名、住址、年齡、聯絡方式、購買農藥之名稱及數量，並保存三年。
七、
不得販賣予未滿十八歲之兒童及少年。
八、
詢問購買者之用途，非為核准登記之使用方法或範圍者，不得販賣。
九、
開具載明農藥之名稱、數量與其使用範圍、購買者及販賣業者資訊之販售證明予購買者。
十、
回收農藥廢容器並依環保法規交付清除處理。",2025-09-09,https://pesticide.aphia.gov.tw/information/Data/LawContent/110?code=1
農藥管理法,第四章　販賣及使用,第三十條,"農藥販賣業者，於歇業或登記事項有變更時，應於歇業或變更後三十日內，報當地直轄市或縣（市）主管機關備查。
農藥販賣業者，停止營業一年以上或歇業者，其農藥販賣業執照應予註銷。但停業有正當事由經主管機關核准者，不在此限。",2025-09-09,https://pesticide.aphia.gov.tw/information/Data/LawContent/110?code=1
農藥管理法,第四章　販賣及使用,第三十一條,"劇毒性成品農藥之名稱及購買者之資格條件，由中央主管機關公告之。
劇毒性成品農藥之批發或零售，主管機關得指定依第二十六條第一項規定登記之農藥販賣業者經營之。",2025-09-09,https://pesticide.aphia.gov.tw/information/Data/LawContent/110?code=1
農藥管理法,第四章　販賣及使用,第三十二條,"販賣劇毒性成品農藥，應遵守下列事項：
一、
不得販賣予未符合依前條第一項規定所公告資格規定之購買者。
二、
以專櫥加鎖貯存於安全地點。",2025-09-09,https://pesticide.aphia.gov.tw/information/Data/LawContent/110?code=1
農藥管理法,第四章　販賣及使用,第三十三條,"使用農藥者，應使用經中央主管機關核准之農藥。
農作物或其產物上市前之農藥殘留量經檢驗結果，超過衛生主管機關所定農藥殘留容許量標準者，應經複驗或重新抽樣檢驗合格，始得販售。
為維護人體安全、環境保護及生態保育，中央主管機關應訂定農藥使用、農產品農藥殘留抽驗及其他應遵行事項之辦法。",2025-09-09,https://pesticide.aphia.gov.tw/information/Data/LawContent/110?code=1
農藥管理法,第四章　販賣及使用,第三十四條,"代噴農藥之業者，應向當地直轄市或縣（市）主管機關辦理登記。
前項業者，應置經農藥使用訓練合格之技術人員實施代噴業務；其訓練辦法，由中央主管機關定之。
第五章　監督、檢查、取締及獎勵",2025-09-09,https://pesticide.aphia.gov.tw/information/Data/LawContent/110?code=1
農藥管理法,第五章　監督、檢查、取締及獎勵,第三十五條,"農藥生產業或販賣業者，應就農藥種類分別記載其生產、輸入、購入、銷售之數量及交易對象，以備主管機關查核。
前項記載資料應保存三年，並應定期陳報主管機關，其格式、內容、頻率及方式，由中央主管機關公告之。",2025-09-09,https://pesticide.aphia.gov.tw/information/Data/LawContent/110?code=1
農藥管理法,第五章　監督、檢查、取締及獎勵,第三十六條,"農藥生產業或販賣業者，對其生產或販賣之農藥，不得逾越登記內容範圍，從事虛偽、誇張或不正當之推銷、宣傳或廣告。
農藥生產業或販賣業者，登載或宣播廣告前，應將文字、畫面或言詞，申請中央主管機關核准，並向傳播機構繳驗核准之證明文件。
前項所定農藥廣告之申請、審核及其他應遵行事項之辦法，由中央主管機關定之。",2025-09-09,https://pesticide.aphia.gov.tw/information/Data/LawContent/110?code=1
農藥管理法,第五章　監督、檢查、取締及獎勵,第三十七條,經中央主管機關公告不列管之農藥，不適用本法之規定。但其標示、宣傳或廣告，不得有虛偽或誇張之情事。,2025-09-09,https://pesticide.aphia.gov.tw/information/Data/LawContent/110?code=1
農藥管理法,第五章　監督、檢查、取締及獎勵,第三十八條,非本法所稱之農藥，不得為具有農藥藥效之標示、宣傳或廣告。,2025-09-09,https://pesticide.aphia.gov.tw/information/Data/LawContent/110?code=1
農藥管理法,第五章　監督、檢查、取締及獎勵,第三十九條,農藥之運輸、倉儲應注意安全；其運輸管理、倉儲條件及其他應遵行事項之辦法，由中央主管機關會同交通部定之。,2025-09-09,https://pesticide.aphia.gov.tw/information/Data/LawContent/110?code=1
農藥管理法,第五章　監督、檢查、取締及獎勵,第四十條,"主管機關得派農藥檢查人員，進入農藥生產業或販賣業者之營業場所、倉庫及製造、加工或分裝場所檢查，並得令其提出業務報告。
前項所定農藥檢查之事項、抽驗、複驗、執行封存及其他應遵行事項之辦法，由中央主管機關定之。",2025-09-09,https://pesticide.aphia.gov.tw/information/Data/LawContent/110?code=1
農藥管理法,第五章　監督、檢查、取締及獎勵,第四十一條,農藥檢查人員執行前條第一項所定任務時，應出示有關執行職務之證明文件或顯示足資辨別之標誌；抽取樣品時，應給付價款。,2025-09-09,https://pesticide.aphia.gov.tw/information/Data/LawContent/110?code=1
農藥管理法,第五章　監督、檢查、取締及獎勵,第四十二條,"查獲涉嫌之禁用農藥、偽農藥或劣農藥須經抽樣鑑定者，應先予封存，由廠商出具切結保管，廠商不得拒絕。
前項抽取之樣品，應儘速鑑定及處理；其鑑定及處理期間，自查獲之日起，以二個月為限。但為檢驗之必要，須延長其鑑定及處理期間者，應於期間屆滿前，將延長之事由及期間，以書面通知廠商。",2025-09-09,https://pesticide.aphia.gov.tw/information/Data/LawContent/110?code=1
農藥管理法,第五章　監督、檢查、取締及獎勵,第四十三條,檢舉或協助查緝禁用農藥、偽農藥或劣農藥者，主管機關除對檢舉人、協助人之姓名及身分資料保密外，並應給予獎勵；其獎勵之辦法，由中央主管機關定之。,2025-09-09,https://pesticide.aphia.gov.tw/information/Data/LawContent/110?code=1
農藥管理法,第五章　監督、檢查、取締及獎勵,第四十四條,"主管機關得定期對農藥生產業或販賣業者進行評鑑，並得就評鑑優良者獎勵之。
前項評鑑及獎勵之辦法，由中央主管機關定之。
第六章　罰則",2025-09-09,https://pesticide.aphia.gov.tw/information/Data/LawContent/110?code=1
農藥管理法,第六章　罰則,第四十五條,"製造、加工、分裝或輸入禁用農藥者，處一年以上七年以下有期徒刑，併科新臺幣一百五十萬元以上七百五十萬元以下罰金。
前項之未遂犯罰之。",2025-09-09,https://pesticide.aphia.gov.tw/information/Data/LawContent/110?code=1
農藥管理法,第六章　罰則,第四十六條,"販賣或意圖販賣而陳列、儲藏禁用農藥者，處六月以上五年以下有期徒刑，併科新臺幣一百萬元以上五百萬元以下罰金。
因過失犯前項之罪者，處一年以下有期徒刑或拘役，併科新臺幣五十萬元以下罰金。",2025-09-09,https://pesticide.aphia.gov.tw/information/Data/LawContent/110?code=1
農藥管理法,第六章　罰則,第四十七條,"製造、加工、分裝或輸入第七條第一款之偽農藥者，處六月以上五年以下有期徒刑，併科新臺幣一百萬元以上五百萬元以下罰金。
前項之未遂犯罰之。",2025-09-09,https://pesticide.aphia.gov.tw/information/Data/LawContent/110?code=1
農藥管理法,第六章　罰則,第四十八條,"有下列情形之一者，處三年以下有期徒刑，併科新臺幣五十萬元以下罰金：
一、
明知為第七條第一款之偽農藥，以販賣或意圖販賣而陳列、儲藏。
二、
將第二十四條第一項第二款或第三款專供輸出用之農藥於國內販賣或移作他用。
 
因過失犯前項之罪者，處拘役，併科新臺幣二十五萬元以下罰金。",2025-09-09,https://pesticide.aphia.gov.tw/information/Data/LawContent/110?code=1
農藥管理法,第六章　罰則,第四十九條,法人之代表人、法人或自然人之代理人、受雇人或其他從業人員，因執行業務，犯第四十五條至前條之罪者，除依各該條規定處罰其行為人外，對該法人或自然人亦科以各該條之罰金。,2025-09-09,https://pesticide.aphia.gov.tw/information/Data/LawContent/110?code=1
農藥管理法,第六章　罰則,第四十九條,之一　　製造、加工、分裝或輸入第七條第二款、第三款或第五款偽農藥者，處新臺幣三十萬元以上三百萬元以下罰鍰。,2025-09-09,https://pesticide.aphia.gov.tw/information/Data/LawContent/110?code=1
農藥管理法,第六章　罰則,第五十條,製造、加工、分裝或輸入第八條第一款劣農藥者，處新臺幣六萬元以上六十萬元以下罰鍰。,2025-09-09,https://pesticide.aphia.gov.tw/information/Data/LawContent/110?code=1
農藥管理法,第六章　罰則,第五十條,之一　　販賣或意圖販賣而陳列、儲藏第七條第二款至第五款之偽農藥者，處新臺幣五萬元以上五十萬元以下罰鍰。,2025-09-09,https://pesticide.aphia.gov.tw/information/Data/LawContent/110?code=1
農藥管理法,第六章　罰則,第五十一條,製造、加工、分裝或輸入第八條第三款劣農藥者，處新臺幣三萬元以上三十萬元以下罰鍰。,2025-09-09,https://pesticide.aphia.gov.tw/information/Data/LawContent/110?code=1
農藥管理法,第六章　罰則,第五十二條,"有下列情形之一者，處新臺幣二萬元以上二十萬元以下罰鍰：
一、
明知為劣農藥，以販賣或意圖販賣而陳列、儲藏。
二、
違反第十四條規定。
三、
違反第十九條、第二十三條、第二十六條第一項、第二十八條、第二十九條第一款至第四款、第三十二條、第三十六條第一項、第二項、第三十七條或第三十八條規定。
四、
違反依第二十條第二項所定農藥工廠設廠標準。
五、
違反依第二十二條第二項所定辦法中有關成品農藥委託加工應遵行事項之規定。
六、
違反依第三十六條第三項所定辦法中有關登載或宣播農藥廣告應遵行事項之規定。
七、
違反依第四十條第二項所定辦法中有關農藥檢查應遵行事項之規定。
八、
無正當理由，拒絕檢查人員依第四十條第一項規定之檢查或拒絕依第四十二條第一項規定出具切結保管規定。
有前項第四款或第五款所定情形者，除依前項規定處罰外，主管機關並應通知限期改善；屆期不改善者，得停止其部分或全部之製造或加工。",2025-09-09,https://pesticide.aphia.gov.tw/information/Data/LawContent/110?code=1
農藥管理法,第六章　罰則,第五十三條,"有下列情形之一者，處新臺幣一萬五千元以上十五萬元以下罰鍰：
一、
將成品農藥批發予未依本法登記或指定之農藥販賣業。
二、
違反第二十五條第二項、第二十九條第五款至第九款、第三十條第一項、第三十三條第一項、第二項、第三十四條或第三十五條規定。
三、
將第二十四條第一項第一款專供試驗研究或教育示範用之農藥於國內販賣。
四、
將第二十四條第一項第一款專供試驗研究、教育示範或緊急防治用之農藥移作他用。
五、
違反依第三十三條第三項所定辦法中有關農藥使用應遵行事項之規定。但違反農藥使用方法及其範圍且農產品農藥殘留量未超過衛生主管機關所定殘留容許量者，主管機關應對使用農藥者實施安全用藥教育，再次違反或拒絕教育者處罰之。
六、
違反依第三十九條所定辦法中有關農藥運輸倉儲應遵行事項之規定。
本法一百零三年十二月九日修正之日起一年內為宣導期，對於違反第二十九條第九款規定者，主管機關應予加強宣導，不適用前項第二款之規定。
違反第三十三條第三項所定農產品農藥殘留量，但經主管機關認定為鄰田污染且複驗合格者，得免予處罰。",2025-09-09,https://pesticide.aphia.gov.tw/information/Data/LawContent/110?code=1
農藥管理法,第六章　罰則,第五十三條,"之一
   
主管機關得公布違反本法規定之業者名稱、人員姓名、地址、違法產品及違法情節。",2025-09-09,https://pesticide.aphia.gov.tw/information/Data/LawContent/110?code=1
農藥管理法,第六章　罰則,第五十四條,"農藥生產業或販賣業者，曾依本法處以刑罰或罰鍰，再次違反者，主管機關得廢止其農藥許可證或販賣業執照。
依前項規定廢止農藥許可證或販賣業執照者，主管機關對於其申請，應自廢止之日起二年內，不予受理。",2025-09-09,https://pesticide.aphia.gov.tw/information/Data/LawContent/110?code=1
農藥管理法,第六章　罰則,第五十五條,"有下列情形之一者，不問屬何人所有，均沒入之：
一、依本法查獲之禁用農藥或偽農藥。
二、依本法查獲之劣農藥。
三、依本法查獲供製造、加工或分裝禁用農藥或第七條第一款偽農藥之器械、原料。
四、違反第十九條、第三十七條或第三十八條規定，其農藥、標示、宣傳或廣告具有農藥藥效之物品。
前項沒入物品之處理辦法，由中央主管機關定之。",2025-09-09,https://pesticide.aphia.gov.tw/information/Data/LawContent/110?code=1
農藥管理法,第六章　罰則,第五十六條,依本法規定沒入之農藥、器械、原料及物品，需為適當處理時，其費用由受處分人負擔。,2025-09-09,https://pesticide.aphia.gov.tw/information/Data/LawContent/110?code=1
農藥管理法,第六章　罰則,第五十七條,"本法所定之罰鍰，由直轄市或縣（市）主管機關處罰之。
第七章　附則",2025-09-09,https://pesticide.aphia.gov.tw/information/Data/LawContent/110?code=1
農藥管理法,第七章　附則,第五十八條,本法施行細則，由中央主管機關定之。,2025-09-09,https://pesticide.aphia.gov.tw/information/Data/LawContent/110?code=1
農藥管理法,第七章　附則,第五十九條,本法自公布日施行。但中華民國一百零七年五月八日修正之條文，其施行日期由行政院定之。,2025-09-09,https://pesticide.aphia.gov.tw/information/Data/LawContent/110?code=1
農藥管理規費收費標準,,第一條,本標準依規費法第十條第一項規定訂定之。,2025-08-25,https://pesticide.aphia.gov.tw/information/Data/LawContent/74?code=1
農藥管理規費收費標準,,第二條,申請農藥田間試驗準則第五條所定國內田間試驗設計書之審查，每件收審查費新臺幣二千元。,2025-08-25,https://pesticide.aphia.gov.tw/information/Data/LawContent/74?code=1
農藥管理規費收費標準,,第三條,申請農藥管理法第十條第一項所定農藥標準規格之檢驗，及申請農藥檢查辦法第八條第一項所定之複驗，每一檢驗及複驗項目檢驗費之收費數額如附表一。,2025-08-25,https://pesticide.aphia.gov.tw/information/Data/LawContent/74?code=1
農藥管理規費收費標準,,第四條,申請農藥管理法第十條所定農藥核准登記，或農藥許可證申請及核發辦法第六條所定許可證應登記事項變更，其理化性及田間試驗資料審查費之收費數額如附表二。,2025-08-25,https://pesticide.aphia.gov.tw/information/Data/LawContent/74?code=1
農藥管理規費收費標準,,第五條,"申請農藥管理法第十條所定農藥核准登記，或農藥許可證申請及核發辦法第六條所定許可證應登記事項變更，其毒理試驗資料審查費依農藥理化性及毒理試驗準則第三條附件二附表所定試驗項目，按下列方式計收：
一、
摘要資料審查，每件收費新臺幣五百元。
二、
亞慢性毒性試驗、慢性毒性試驗及生物代謝試驗
每一試驗項目審查收費新臺幣二千元。
三、
前款以外試驗項目每一試驗項目審查收費新臺幣一千二百元。",2025-08-25,https://pesticide.aphia.gov.tw/information/Data/LawContent/74?code=1
農藥管理規費收費標準,,第六條,中央主管機關核發農藥許可證、農藥管理人員證書或農藥代噴技術人員證書，每件收費新臺幣一千元；補發、換發、展延或登記事項變更者，亦同。,2025-08-25,https://pesticide.aphia.gov.tw/information/Data/LawContent/74?code=1
農藥管理規費收費標準,,第七條,"核發下列證明文件者，每件收費新臺幣二百元：
   
 
一、
農藥許可證之外文證明文件。
   
 
二、
進口貨品減免稅捐證明書。",2025-08-25,https://pesticide.aphia.gov.tw/information/Data/LawContent/74?code=1
農藥管理規費收費標準,,第八條,中央主管機關辦理農藥許可證之核發、展延或應登記事項變更之審查，認有赴國外生產工廠進行實地查核之必要者，其費用比照國外出差旅費報支要點規定，由申請人負擔。,2025-08-25,https://pesticide.aphia.gov.tw/information/Data/LawContent/74?code=1
農藥管理規費收費標準,,第九條,本標準自發布日施行。,2025-08-25,https://pesticide.aphia.gov.tw/information/Data/LawContent/74?code=1
農藥許可證申請及核發辦法,,第一條,本辦法依農藥管理法（以下簡稱本法）第十六條第四項規定訂定之。,2023-08-02,https://pesticide.aphia.gov.tw/information/Data/LawContent/103?code=1
農藥許可證申請及核發辦法,,第二條,農藥許可證之核發、補發、換發、展延、登記事項變更等事項，中央主管機關得委任所屬機關辦理。,2023-08-02,https://pesticide.aphia.gov.tw/information/Data/LawContent/103?code=1
農藥許可證申請及核發辦法,,第三條,"農藥許可證類別分為下列四種：
一、成品農藥輸入。
二、成品農藥加工。
三、農藥原體輸入。
四、農藥原體製造。",2023-08-02,https://pesticide.aphia.gov.tw/information/Data/LawContent/103?code=1
農藥許可證申請及核發辦法,,第四條,"有下列情形之一者，不得核准農藥登記：
一、
 
禁用農藥。
二、
 
經中央主管機關公告限制農藥使用方法及其範圍。
三、
 
經中央目的事業主管機關公告禁止製造、加工或輸入之化學製品。
四、
 
成品農藥毒性分類屬極劇毒或劇毒。但殺鼠劑、殺線蟲劑、燻蒸劑、燻煙劑、產氣劑及其他經中央主管機關公告之製劑，不在此限。
五、
 
其他經中央主管機關認定有危害人體健康或污染環境之虞。
申請農藥許可證登記事項之變更登記，其變更涉有經中央主管機關公告限制農藥使用方法及其範圍之情形者，中央主管機關不予核准。",2023-08-02,https://pesticide.aphia.gov.tw/information/Data/LawContent/103?code=1
農藥許可證申請及核發辦法,,第五條,同一農藥工廠生產之成品農藥，其有效成分及劑型相同者，以申請一張農藥許可證為限；農藥原體之有效成分相同者，亦同。但有特殊情形，經中央主管機關核准者，不在此限。,2023-08-02,https://pesticide.aphia.gov.tw/information/Data/LawContent/103?code=1
農藥許可證申請及核發辦法,,第六條,"申請農藥許可證之核發、補發、換發、展延或登記事項變更，應填具申請表，並按申請項目分別檢附附件一至附件四所定文件或書表，向中央主管機關提出申請。
前項所定應檢附之文件非屬中文或英文者，應另檢附中文譯本。
生產國家許可生產證明文件及農藥工廠授權申請人辦理許可登記文件，應經我國駐外使領館、代表處、辦事處或其他外交部授權機構認證或驗證，並自出具日起二年內有效。",2023-08-02,https://pesticide.aphia.gov.tw/information/Data/LawContent/103?code=1
農藥許可證申請及核發辦法,,第七條,"申請成品農藥輸入或加工許可證，該成品農藥使用時需添加增強農藥藥效之製品者，應另檢附其理化性及毒理試驗資料。
前項試驗資料項目，由中央主管機關公告之。",2023-08-02,https://pesticide.aphia.gov.tw/information/Data/LawContent/103?code=1
農藥許可證申請及核發辦法,,第八條,"農藥有效成分未經核准登記為成品農藥者，不得申請農藥原體登記。
申請成品農藥加工登記之農藥原體，須經中央主管機關核准登記。",2023-08-02,https://pesticide.aphia.gov.tw/information/Data/LawContent/103?code=1
農藥許可證申請及核發辦法,,第九條,"中央主管機關辦理農藥許可證之核發、展延或登記事項變更時，必要時得赴國內外生產工廠進行實地查核。
申請人無正當理由規避、妨礙或拒絕前項查核，中央主管機關不予核准其農藥登記、許可證展延或變更登記之申請。",2023-08-02,https://pesticide.aphia.gov.tw/information/Data/LawContent/103?code=1
農藥許可證申請及核發辦法,,第十條,申請展延農藥許可證有效期間，應於期滿前六個月內為之。逾期者，應重新申請核准登記。但於原農藥許可證有效期間屆滿後三個月內重新申請核准登記者，其應檢具文件準用第六條農藥許可證之展延規定。,2023-08-02,https://pesticide.aphia.gov.tw/information/Data/LawContent/103?code=1
農藥許可證申請及核發辦法,,第十一條,本法第十五條第一項第二款所定農藥許可證應記載事項有變更，應於事實發生之日起三個月內提出申請。但國外原製造工廠更換者，應於事前提出申請。,2023-08-02,https://pesticide.aphia.gov.tw/information/Data/LawContent/103?code=1
農藥許可證申請及核發辦法,,第十二條,"農藥廠牌名稱經中央主管機關核准登記使用者，其他農藥不得申請登記使用。但有下列情形之ㄧ者，不在此限：
一、農藥有效成分相同，且該農藥屬廠牌名稱權利人。
二、農藥有效成分相同，並經廠牌名稱權利人授權使用。",2023-08-02,https://pesticide.aphia.gov.tw/information/Data/LawContent/103?code=1
農藥許可證申請及核發辦法,,第十三條,"申請農藥許可證之核發、補發、換發、展延或登記事項變更，所檢附之文件有不全或不符規定者，中央主管關應通知限期補正，並以三個月為限；屆期未補正或補正不完全者，不予受理申請。
  
申請案經審查文件內容有不符者，應通知限期補正；屆期未補正或補正不完全者，駁回其申請。",2023-08-02,https://pesticide.aphia.gov.tw/information/Data/LawContent/103?code=1
農藥許可證申請及核發辦法,,第十四條,"申請農藥許可證之核發、展延或登記事項變更，經審查通過者，中央主管機關始得核發農藥許可證。
前項申請人應於取得農藥許可證三個月內，檢附市場銷售用農藥標示三份，送中央主管機關備查。",2023-08-02,https://pesticide.aphia.gov.tw/information/Data/LawContent/103?code=1
農藥許可證申請及核發辦法,,第十五條,"補發或換發之農藥許可證，其證號及有效期間以原證為準。
遺失或滅失之農藥許可證於日後發現時，應向中央主管機關繳銷。",2023-08-02,https://pesticide.aphia.gov.tw/information/Data/LawContent/103?code=1
農藥許可證申請及核發辦法,,第十六條,農藥許可證權利人得於農藥許可證有效期間內，向中央主管機關申請廢止之。,2023-08-02,https://pesticide.aphia.gov.tw/information/Data/LawContent/103?code=1
農藥許可證申請及核發辦法,,第十七條,農藥生產業者歇業時，其所請領之農藥許可證應予廢止。,2023-08-02,https://pesticide.aphia.gov.tw/information/Data/LawContent/103?code=1
農藥許可證申請及核發辦法,,第十八條,輸入農藥之業者，其農藥販賣業執照經依本法第三十條第二項規定註銷者，其所請領之農藥許可證應予廢止。,2023-08-02,https://pesticide.aphia.gov.tw/information/Data/LawContent/103?code=1
農藥許可證申請及核發辦法,,第十九條,農藥許可證核發、展延、廢止、撤銷及逾期失效之資訊，由中央主管機關公告之。,2023-08-02,https://pesticide.aphia.gov.tw/information/Data/LawContent/103?code=1
農藥許可證申請及核發辦法,,第二十條,申請農藥許可證之核發、補發、換發、展延或登記事項變更，應依農藥許可證相關收費基準，繳納費用。,2023-08-02,https://pesticide.aphia.gov.tw/information/Data/LawContent/103?code=1
農藥許可證申請及核發辦法,,第二十一條,申請人依本辦法所定應檢附之書面文件，得以掃描電子文件代之；必要時，中央主管機關得通知申請人提出書面文件供查驗。,2023-08-02,https://pesticide.aphia.gov.tw/information/Data/LawContent/103?code=1
農藥許可證申請及核發辦法,,第二十二條,本辦法自發布日施行。,2023-08-02,https://pesticide.aphia.gov.tw/information/Data/LawContent/103?code=1
農藥管理人員訓練及管理辦法,,第一條,本辦法依農藥管理法（以下簡稱本法）第二十六條第四項規定訂定之。,2019-10-24,https://pesticide.aphia.gov.tw/information/Data/LawContent/108?code=1
農藥管理人員訓練及管理辦法,,第二條,本法第二十六條第一項所定農藥管理人員，應依本辦法規定訓練及格並取得農藥管理人員證書。,2019-10-24,https://pesticide.aphia.gov.tw/information/Data/LawContent/108?code=1
農藥管理人員訓練及管理辦法,,第三條,農藥管理人員之訓練由中央主管機關委任其所屬機關（構）辦理；必要時，得委託其他機關（構）、法人或民間團體辦理。,2019-10-24,https://pesticide.aphia.gov.tw/information/Data/LawContent/108?code=1
農藥管理人員訓練及管理辦法,,第四條,"農藥管理人員之訓練總時數至少一百二十小時；其訓練課程內容如下：
　　一、農藥相關法規。
　　二、農藥安全相關事項。
　　三、植物保護相關事項。
　　四、田間用藥技術相關事項。
　　五、其他農藥相關事項。
　　具公立或立案之私立專科以上學校或符合教育部採認規定之國外
、大陸、香港或澳門地區專科
以上學校
昆蟲、植物保護、植物醫學、植物病理、植物病理與微生物、植物病蟲害等植物保護相關各院、系、科、組、所、學位學程畢業，或於學歷證明文件載為輔系者，得於參加農藥管理人員訓練時，向辦理訓練之機關（構）、法人或民間團體申請抵免前項第三款之訓練時數；其抵免之時數以四十小時為上限。
　　
參加
農藥
管理人員訓練者，應自行負擔訓練費用。",2019-10-24,https://pesticide.aphia.gov.tw/information/Data/LawContent/108?code=1
農藥管理人員訓練及管理辦法,,第五條,"參加農藥管理人員訓練者，應具
公立或立案之私立專科以上學校或符合教育部採認規定之國外
、大陸、香港或澳門地區專科
以上學校畢業之資格條件。但農藥管理人員證書有效期間於中華民國一百零七年二月二十八日之後屆滿且申請展延未獲核准者，於證書有效期間屆滿日起三年內報名參加農藥管理人員訓練，其學歷不受專科以上學校畢業之限制。
　　報名參加農藥管理人員訓練者，應檢附下列文件：
　　一、身分證明文件。
　　二、符合前項資格條件
之證明文件。
　　三、
最近
三個月內二吋半身
脫帽
照片二張。
　　四、
申請
抵免訓練時數者，應另檢附符合前條第二項規定之證明文件。但與第二款證明文件相同者，免附。
　　前項第二款及第四款之證明文件在國外作成者，應另檢附中文譯本，並經我國駐外使領館、代表處、辦事處或其他經外交部授權機構驗證；其屬大陸、香港或澳門地區之學歷證明文件者，應經行政院設立或指定之機構，或委託之民間團體驗證。",2019-10-24,https://pesticide.aphia.gov.tw/information/Data/LawContent/108?code=1
農藥管理人員訓練及管理辦法,,第六條,參加農藥管理人員訓練者，其缺課時數達總訓練時數五分之一以上，應予退訓，其已繳之訓練費用不予退還。,2019-10-24,https://pesticide.aphia.gov.tw/information/Data/LawContent/108?code=1
農藥管理人員訓練及管理辦法,,第七條,"農藥管理人員訓練課程之各科目測驗或評量成績，以一百分為滿分，六十分為及格，並以各科目成績均達六十分以上為訓練及格。
   
前項科目有成績不及格者，得於結訓之日起一年內申請再測驗或評量，並以一次為限。",2019-10-24,https://pesticide.aphia.gov.tw/information/Data/LawContent/108?code=1
農藥管理人員訓練及管理辦法,,第八條,參加農藥管理人員訓練者，得於成績通知單送達之次日起三十日內，以書面申請複查，逾期不予受理。申請複查以一次為限。,2019-10-24,https://pesticide.aphia.gov.tw/information/Data/LawContent/108?code=1
農藥管理人員訓練及管理辦法,,第九條,農藥管理人員訓練測驗試卷或評量紀錄，應自測驗或評量結束日起至少保存一年。,2019-10-24,https://pesticide.aphia.gov.tw/information/Data/LawContent/108?code=1
農藥管理人員訓練及管理辦法,,第十條,"參加農藥管理人員訓練及格，向中央主管機關申請核發農藥管理人員證書者，應填具申請書，並繳納費用及檢附下列文件：
　　一、成績通知單影本。
　　二、最近三個月內二吋半身脫帽照片二張。
   
前項第一款所定成績通知單之有效期間，為最後一次測驗或評量之次日起一年。",2019-10-24,https://pesticide.aphia.gov.tw/information/Data/LawContent/108?code=1
農藥管理人員訓練及管理辦法,,第十一條,農藥管理人員證書之有效期間為五年，申請展延者應於期間屆滿前一個月至六個月內提出。每次展延期間，以五年為限。,2019-10-24,https://pesticide.aphia.gov.tw/information/Data/LawContent/108?code=1
農藥管理人員訓練及管理辦法,,第十二條,"申請農藥管理人員證書展延者，應填具申請書及檢附下列文件，於繳納費用後，向中央主管機關提出：
　　一、五年內
參加六十小時
以上之在職訓練、相關植物保護學術活動或繼續教育之證明文件。但農藥管理人員之證書有效期間於中華民國一百十一年十二月三十一日前屆滿而申請展延者，應檢附五年內參加四十小時以上之在職訓練、相關植物保護學術活動或繼續教育之證明文件。
　　二、農藥
管理
人員證書原件。
　　三、最近三個月內二吋半身脫帽照片二張。
　　
前項
第一款所定在職訓練、相關植物保護學術活動或繼續教育之資訊，由中央主管機關公布於網站，其總時數應含每年參加
主管機關
辦理之在職訓練四小時以上。",2019-10-24,https://pesticide.aphia.gov.tw/information/Data/LawContent/108?code=1
農藥管理人員訓練及管理辦法,,第十三條,"農藥
管理
人員證書毀損或內容有變更時，農藥管理人員應填具申請書，並檢附身分證明文件、農藥管理人員證書原件及最近三個月內二吋半身脫帽照片二張，於繳納費用後，向中央主管機關申請換發。
　　農藥管理人員證書遺失或滅失時
，農藥管理人員應填具申請書，並檢附身分證明文件、切結書及最近三個月內二吋半身脫帽照片二張，於繳納費用後，向中央主管機關申請補發。
　　前二項換發或補發農藥管理人員證書之有效期間至原證書有效期間屆滿為止
。",2019-10-24,https://pesticide.aphia.gov.tw/information/Data/LawContent/108?code=1
農藥管理人員訓練及管理辦法,,第十四條,"農藥管理人員執行下列業務，應於所登錄之農藥販賣業者營業處所為之：
   
一、提供農藥管理、販賣、使用規定及注意事項之諮詢。
   
二、管理農藥販賣場所之安全及防護。
　　三、確認本法第二十九條第六款所定備置簿冊或經中央主管機關公告方式登記之內容無誤。
　　四、確認本法第三十五條定期陳報農藥生產、輸入、購入、銷售之數量及交易對象資料無誤。
　　五、有關農藥販賣之管理事項。
　　農藥管理人員證書應懸掛於前項執行業務處所明顯處。",2019-10-24,https://pesticide.aphia.gov.tw/information/Data/LawContent/108?code=1
農藥管理人員訓練及管理辦法,,第十五條,"農藥管理人員有下列情形之一者，中央主管機關應廢止其農藥管理人員證書：
　　一、農藥管理人員因執行業務不當，致農藥販賣業者之販賣業執照經主管機關廢止。
　　二、販賣或意圖販賣而陳列、儲藏本法第六條所定禁用農藥或第七條第一款所定偽農藥。
　　三、五年內違反本法第三十三條第三項所定辦法中有關提供農藥諮詢規定，經依本法第五十三條第一項第五款規定處罰鍰三次以上。
　　四、於登錄之營業處所外執行前條第一項各款所定業務。
　　五、將農藥管理人員證書出租或借予他人使用。
　　前項第三款次數之計算基準，自最近一次裁罰處分之日起回溯五年。
　　經依第一項廢止農藥管理人員證書者，二年內不得再請領農藥管理人員證書。",2019-10-24,https://pesticide.aphia.gov.tw/information/Data/LawContent/108?code=1
農藥管理人員訓練及管理辦法,,第十六條,農藥販賣業者應於其農藥管理人員任職或離職之日起三十日內，報請其所在地直轄市或縣（市）主管機關備查。,2019-10-24,https://pesticide.aphia.gov.tw/information/Data/LawContent/108?code=1
農藥管理人員訓練及管理辦法,,第十七條,"本辦法施行前已取得農藥從業人員資格訓練合格證書者，或本辦法施行前業經直轄市、縣（市）主管機關登記有案之現職農藥管理人員，得於本辦法施行日起二年內，檢附下列文件向中央主管機關申請換發農藥管理人員證書：
　　一、農藥從業人員資格訓練合格證書。但以現職農藥管理人員申請換發者，得以經加蓋店章之農藥販賣業執照影本代替。
　　二、最近三個月內一吋半身脫帽照片二張。
　　前項所定農藥從業人員資格訓練合格證書於本辦法施行日起二年後失其效力。",2019-10-24,https://pesticide.aphia.gov.tw/information/Data/LawContent/108?code=1
農藥管理人員訓練及管理辦法,,第十八條,本辦法自發布日施行。,2019-10-24,https://pesticide.aphia.gov.tw/information/Data/LawContent/108?code=1
農藥使用及農產品農藥殘留抽驗辦法,,第一條,本辦法依農藥管理法（以下簡稱本法）第三十三條第三項規定訂定之。,2023-04-10,https://pesticide.aphia.gov.tw/information/Data/LawContent/124?code=1
農藥使用及農產品農藥殘留抽驗辦法,,第二條,禁用農藥、未黏貼或未加印標示之農藥或明知為偽農藥、劣農藥，不得使用。,2023-04-10,https://pesticide.aphia.gov.tw/information/Data/LawContent/124?code=1
農藥使用及農產品農藥殘留抽驗辦法,,第三條,"使用農藥者應按農藥標示記載之使用方法及其範圍施藥。但農藥使用方法及其範圍經中央主管機關依本法第十三條規定公告者，不在此限。
農藥管理人員提供農藥之諮詢，應於前項所定使用方法及其範圍內為之。",2023-04-10,https://pesticide.aphia.gov.tw/information/Data/LawContent/124?code=1
農藥使用及農產品農藥殘留抽驗辦法,,第四條,"使用
燻
蒸農藥者，應於
燻
蒸期間封鎖
燻
蒸場所，並設立標誌，予以警告。",2023-04-10,https://pesticide.aphia.gov.tw/information/Data/LawContent/124?code=1
農藥使用及農產品農藥殘留抽驗辦法,,第五條,"使用農藥者，應遵守下列規定：
一、
 
施藥時應依農藥標示記載，穿戴適當之防護設備，並採行適當之鄰田污染防範措施或設備。
二、
 
使用劇毒農藥後，應於農田與農作物周圍設立標誌，予以警告。
三、
 
農藥包裝容器不得隨意棄置，其處理應依廢棄物清理相關法令規定。
四、
 
不得於魚塭、池塘或河流，傾倒農藥、洗滌施藥器具或包裝容器。
五、
 
在規定間隔日數內不得採收農作物。",2023-04-10,https://pesticide.aphia.gov.tw/information/Data/LawContent/124?code=1
農藥使用及農產品農藥殘留抽驗辦法,,第六條,"實施空中
施藥者
，
應於施藥
日三日前將安全注意事項以適當
方式
通知
施藥區內
居民。但以無人飛行載
具施藥者
，不在此限。
前項無人飛行
載具指民用
航空法第二條第二十六款所定之遙控無人機。",2023-04-10,https://pesticide.aphia.gov.tw/information/Data/LawContent/124?code=1
農藥使用及農產品農藥殘留抽驗辦法,,第六條,"之
一
   
以無人飛行
載具施藥
作業應
由代噴農藥
之業者為之。
前項無人飛行載具及其操作人員應符合民用航空法及相關法令規定，且操作人員須取得空中施作（無人飛行載具）類別之
農藥代噴技術人員
證書，始得作業。
第一項施藥
作業之飛行高度不得
超過植冠上方
四公尺，施藥後三日内應至中央主管機關指定之系統平台填報施藥紀錄，並上傳飛行軌跡資料。",2023-04-10,https://pesticide.aphia.gov.tw/information/Data/LawContent/124?code=1
農藥使用及農產品農藥殘留抽驗辦法,,第七條,"為確保使用農藥安全，主管機關得派員至田間、集貨、理貨、加工、分裝或貯存等場所無償抽取農作物或農產品，並得向生產者或貨主查詢農藥使用種類或方法，以及農產品來源或進出貨交易憑證資料，任何人不得規避、妨礙或拒絕。
主管機關依前項規定向生產者或貨主查詢時，應作成紀錄，並由生產者、貨主、其代表人或指派之人員於紀錄上簽名或蓋章，無故拒絕者，主管機關應於紀錄上詳實記載該事實、執行時間及地點。
第一項所稱貨主，係指各該場所農產品之持有人，包括將不同來源之農產品混合或無法提供農產品來源之各該場所經營者。",2023-04-10,https://pesticide.aphia.gov.tw/information/Data/LawContent/124?code=1
農藥使用及農產品農藥殘留抽驗辦法,,第八條,主管機關派員執行前條第一項抽取樣品或查詢時，應出示執行職務之證明文件或顯示足資辨別之標誌。,2023-04-10,https://pesticide.aphia.gov.tw/information/Data/LawContent/124?code=1
農藥使用及農產品農藥殘留抽驗辦法,,第九條,"主管機關依第七條第一項規定抽取之樣品，經會同生產者、貨主、其代表人或指派之人員簽名封
緘
後，送中央主管機關委任或委託之檢驗機關（構）檢驗農藥殘留。
主管機關接獲農藥殘留量檢驗報告後，對檢驗結果超過衛生主管機關所定農藥殘留容許量標準或中央主管機關所定農作物農藥殘留限量表之案件，應依下列規定辦理：
一、
 
將檢驗結果以書面通知生產者或貨主；已
採收者
，並應通知集貨場及果菜批發市場。檢驗結果超過農藥殘留容許量標準者，應另通知衛生主管機關。
二、
 
命生產者或貨主不得販售該農作物或農產品，並得派員進行追蹤管理。
前項農作物農藥殘留
限量表如附件
。",2023-04-10,https://pesticide.aphia.gov.tw/information/Data/LawContent/124?code=1
農藥使用及農產品農藥殘留抽驗辦法,,第九條,"之
一
   
生產者或貨主對於前條第二項檢驗結果有異議時，得於收到通知之次日起十日內繳納檢驗費用，向主管機關申請原檢體
複
驗，並以一次為限。檢驗機關（構）應於七日內將檢驗結果以書面通知送驗主管機關及生產者或貨主。經檢驗合格之農作物或農產品，始得准予販售。
依前條第二項規定不得販售之農作物或農產品，生產者或貨主應檢附農藥購買證明或使用紀錄，向主管機關申請重新抽取樣品送原檢驗機關（構）檢驗。檢驗機關（構）應於生產者或貨主繳納費用並收到樣品後七日內，將檢驗結果以書面通知送驗主管機關及生產者或貨主。經檢驗合格之農作物或農產品，始得准予販售。",2023-04-10,https://pesticide.aphia.gov.tw/information/Data/LawContent/124?code=1
農藥使用及農產品農藥殘留抽驗辦法,,第九條,"之二
   
直轄市、縣（市）主管機關於接獲衛生主管機關依食品安全衛生管理法執行農產品農藥殘留抽樣檢驗，檢驗結果超過衛生主管機關所定農藥殘留容許量標準移送之案件，符合下列條件者，得予調查處理：
一、抽樣之場所以製造、加工、調配、包裝、運送、貯存、販賣場所為限。
二、樣品屬生產者原始未經拆封包裝之驗證農產品、有機農產品、溯源農產品或其他可追溯生產者之農產品。
三、樣品應會同生產者、貨主、其代表人或受檢人員簽名封
緘
後，依食品安全衛生管理法規定執行檢驗。
四、經衛生主管機關通知生產者申請原檢體
複
驗。
前項經直轄市、縣（市）主管機關調查處理之案件，得向生產者或相關人員查詢農藥使用種類或方法，以及進出貨交易憑證資料，任何人不得規避、妨礙或拒絕，並得
採
認衛生主管機關檢驗結果。",2023-04-10,https://pesticide.aphia.gov.tw/information/Data/LawContent/124?code=1
農藥使用及農產品農藥殘留抽驗辦法,,第十條,本辦法自發布日施行。,2023-04-10,https://pesticide.aphia.gov.tw/information/Data/LawContent/124?code=1
