分類,問題,答案,來源網址
中毒急救,什麼是有機磷殺蟲劑？農業部核准的有機磷殺蟲劑有哪些？,有機磷類化合物廣泛應用於農藥、生物化學及工業用途，核心結構為五價磷原子與三個氧原子相連。目前農業部許可證為有效證件的有機磷殺蟲劑，單方共24種、複方6種，包含馬拉松、愛殺松、托福松、芬殺松、亞培松等。世衛組織依大鼠口服半致死劑量將其分為極劇毒（如托福松、福瑞松）、劇毒（如護粒松、達馬松）、中毒（如大利松、大滅松）、輕毒（如馬拉松、亞培松）及低毒（如脫克松）等級。,https://www.pcc-vghtpe.tw/Upload/202412/paper_2024120213212608.pdf
中毒急救,有機磷殺蟲劑中毒的統計現況如何？,根據臺北榮總臨床毒藥物諮詢中心統計，國人因農藥中毒的比例從民國89年的19.3%，至民國112年下降至7.4%。但中毒死亡者中農藥的佔比仍居高不下（89年69.4%、112年59.3%），殺蟲劑中毒致死的農藥種類中，以有機磷和氨基甲酸鹽類殺蟲劑位於首位。全世界每年因農藥中毒者高達數百萬人，開發中國家偏鄉地區每年約15萬人因有機磷和氨基甲酸鹽類殺蟲劑中毒死亡。,https://www.pcc-vghtpe.tw/Upload/202412/paper_2024120213212608.pdf
中毒急救,有機磷殺蟲劑會透過哪些途徑進入人體？中毒機轉是什麼？,有機磷殺蟲劑可透過腸胃道、黏膜、皮膚及呼吸道吸收。國人中毒主要以口服自殺或自傷為主，其次為農作時噴灑農藥導致吸入、皮膚或眼睛接觸、或誤食。致毒機轉為抑制乙醯膽鹼酯酶，使乙醯膽鹼無法被分解而蓄積，持續刺激神經及肌肉，導致乙醯膽鹼過度作用危機。此抑制作用基本上不可逆，不易自行恢復，但可藉oxime藥物作為解毒劑加速酶活性恢復。,https://www.pcc-vghtpe.tw/Upload/202412/paper_2024120213212608.pdf
中毒急救,有機磷殺蟲劑輕度中毒的症狀有哪些？,輕度中毒者多可正常行走，可能出現倦怠、四肢麻木、頭暈、頭痛、噁心、流汗稍增、腹絞痛或腹瀉，此時紅血球乙醯膽鹼酯酶的活性多在正常值的20-50%。輕微症狀（輕微冒汗、流口水、頭暈、虛弱無力）可先來電毒物中心尋求專業諮詢，24小時諮詢專線：02-28717121、02-28757525 分機85500。,https://www.pcc-vghtpe.tw/Upload/202412/paper_2024120213212608.pdf
中毒急救,有機磷殺蟲劑中度及嚴重中毒的症狀有哪些？什麼情況要立即送醫？,中度中毒者除輕度症狀外，還會出現無法行走、縮瞳、全身無力、局部肌肉束震顫，紅血球乙醯膽鹼酯酶活性多在正常值的10-20%。嚴重中毒者會出現呼吸哮喘音、氣管分泌物明顯增加、呼吸困難、發紺、大小便失禁、心搏加速、抽搐、昏迷甚至死亡，此時酶活性多小於正常值的10%。如出現呼吸喘、發紺、抽搐、嚴重大小便失禁等嚴重症狀，請立即至急診求治，不要拖延。,https://www.pcc-vghtpe.tw/Upload/202412/paper_2024120213212608.pdf
中毒急救,有機磷殺蟲劑中毒該如何治療？,"治療首重穩定生命徵象，必要時給予氣管插管及呼吸器使用、或升壓劑、強心劑積極生命支持。暴露後須協助患者徹底去除污染，包括用清水或沐浴乳清潔全身及頭髮髒污處、更換乾淨衣物，早期暴露則予洗胃及活性碳使用。醫療人員協助患者除污時應注意個人防護。解毒劑為阿托平（atropine）及巴姆（pralidoxime, 2-PAM），惟使用與否、劑量調整須由臨床醫療團隊根據患者症狀評估判斷，並在密切監測下給予治療。",https://www.pcc-vghtpe.tw/Upload/202412/paper_2024120213212608.pdf
中毒急救,農業工作者使用有機磷殺蟲劑時該如何預防中毒？,施用農藥前務必按照指示適當稀釋或配置，配置過程須穿戴個人防護設備避免濺出中毒。工作時應穿戴防護服、手套、防護眼鏡及口罩，工作過程中切勿飲食。分裝農藥須妥善標示，減少使用飲料瓶等食器承裝農藥以避免誤食。工作後應立即清洗皮膚和衣物，尤其是手部及面部。,https://www.pcc-vghtpe.tw/Upload/202412/paper_2024120213212608.pdf
中毒急救,一般民眾吃到有農藥殘留的蔬果，會不會有中毒風險？,一般民眾平時接觸有機磷殺蟲劑的機會並不高。至於蔬果農藥殘留，政府訂有農藥殘留容許量標準加以規範並進行後市場監測，正常食用狀況下應不致於導致中毒。民眾在購買和食用農產品時，應選擇信譽良好的品牌，並在食用前徹底清洗，可進一步降低農藥殘留暴露的風險。,https://www.pcc-vghtpe.tw/Upload/202412/paper_2024120213212608.pdf
中毒急救,懷疑自己或家人農藥中毒，該打電話給誰諮詢？,如自身或家人有施用有機磷殺蟲劑後出現中毒症狀，嚴重者請立即至急診求治；輕微症狀者可先來電衛生福利部暨臺北榮總臨床毒藥物諮詢中心，24小時諮詢專線：02-28717121，或02-28757525轉分機85500。,https://www.pcc-vghtpe.tw/Upload/202412/paper_2024120213212608.pdf
